{"cameraMode":{"drawMode":0,"name":"Shaded","section":"Shading Mode"},"sceneLighting":true,"audioPlay":false,"sceneViewState":{"showFog":true,"showMaterialUpdate":false,"showSkybox":true,"showFlares":true,"showImageEffects":true,"showParticleSystems":true},"in2DMode":false,"pivot":{"x":-7.843160629272461,"y":-0.6510729789733887,"z":-37.70295715332031},"rotation":{"x":-0.028398288413882257,"y":0.9522596001625061,"z":-0.09349031001329422,"w":-0.28923121094703677},"size":22.0,"orthographic":false}