{"cameraMode":{"drawMode":0,"name":"Shaded","section":"Shading Mode"},"sceneLighting":true,"audioPlay":false,"sceneViewState":{"showFog":true,"showMaterialUpdate":false,"showSkybox":true,"showFlares":true,"showImageEffects":true,"showParticleSystems":true},"in2DMode":false,"pivot":{"x":-2.2444770336151125,"y":-1.2397780418395997,"z":-8.94999885559082},"rotation":{"x":-0.00823790580034256,"y":0.9907094836235046,"z":-0.07026933878660202,"w":-0.11614256352186203},"size":9.839142799377442,"orthographic":false}